Columns,MissRate,UniqueRate,ConstantRate,Max,Min,Mean,Median,Mode,ZeroNum,Mean-3sigma,Mean+3sigma,Mean-2sigma,Mean+2sigma,Q1-1.5IQR,Q3+1.5IQR,NormalCorr,LogNormalCorr,UniformCorr,ExpCorr
id,0.462756309,0.878519087,0.689952215,82,8,87,25,10,98,75,62,38,9,91,10,0.906163762,0.131026915,0.332139291,0.88077289
applyDate,0.315062112,0.235157737,0.537916091,10,64,86,18,58,42,31,84,52,28,72,73,0.093602974,0.448028586,0.116018877,0.442244722
col1,0.766132985,0.183886149,0.843883183,57,31,6,85,22,74,71,27,79,91,2,16,0.585290377,0.828375398,0.558476715,0.049207069
col2,0.596661597,0.823792786,0.045086793,42,82,19,82,11,92,40,73,55,76,94,16,0.389060325,0.72243193,0.413610144,0.555372288
col3,0.092261245,0.821017055,0.237021128,94,47,24,4,50,14,24,51,81,19,4,99,0.982534899,0.42979104,0.296647353,0.598986834
value1,0.533882717,0.318514252,0.504658734,30,92,17,32,62,61,65,100,77,16,55,77,0.684539079,0.183163906,0.068363371,0.984364354
value2,0.714956367,0.699863186,0.986429374,50,87,54,95,51,69,44,64,0,28,51,98,0.574959127,0.066836021,0.936134173,0.272132915
label,0.169211751,0.249002036,0.899026053,7,9,5,17,23,23,94,48,47,25,9,37,0.079023085,0.732606925,0.618598821,0.763092325
